subcategory,jobtitle
electrical,electrician
plumbing,plumber
hvac,hvac technician
carpentry,carpenter
elderly care,caregiver
carpentry,custom furniture maker
cleaning,housekeeper
cleaning,house cleaner
child care,babysitter
cooking,private chef
sign language interpretation,sign language interpreter
elderly care,personal care assistance
cooking,cook
child care,nanny
cooking,baker
appliance repair,washing machine technician
hvac,hvac technician
sign language interpretation,deaf interpreter
plumbing,pipefitter
electrical,lighting technician
cleaning,carpet cleaner
child care,tutor
plumbing,water filtration specialist
electrical,network technician
hvac,cooling technician
cleaning,housekeeper
electrical,electrician
personal care assistance,personal care assistant
wheelchair-accessible transportation,wheelchair-accessible van driver
pet sitting,dog walker
plumbing,plumber
other,gardener
appliance repair,refrigerator repair technician
sign language interpretation,asl translator
personal care assistance,elderly caregiver
hvac,ac repair technician
other,handyman
cleaning,maid
personal care assistance,home health aide
wheelchair-accessible transportation,special needs transportation driver
pet sitting,cat sitter
appliance repair,oven repair technician
electrical,solar panel installer
appliance repair,microwave repair technician
hvac,air duct cleaner
wheelchair-accessible transportation,paratransit driver
appliance repair,dishwasher repair technician
electrical,smart home installer
wheelchair-accessible transportation,wheelchair-accessible van driver
hvac,ventilation technician
carpentry,furniture maker
hvac,heating technician
appliance repair,dryer repair technician
electrical,cable installer
appliance repair,refrigerator installer
pet sitting,dog trainer
hvac,furnace technician
cooking,grill master
personal care assistance,home care aide
cooking,bbq chef
wheelchair-accessible transportation,accessible shuttle driver
carpentry,woodworking craftsman
child care,child development specialist
plumbing,sewer line installer
electrical,automation technician
electrical,telecommunications technician
child care,art teacher
personal care assistance,senior caregiver
wheelchair-accessible transportation,accessible shuttle driver
carpentry,carpenter
plumbing,septic tank installer
appliance repair,vacuum cleaner repair technician
plumbing,water heater installer
electrical,home automation specialist
appliance repair,coffee machine technician
child care,early childhood educator
cooking,sushi chef
personal care assistance,hospice caregiver
hvac,boiler technician
pet sitting,pet sitter
cleaning,window cleaner
cooking,chef
sign language interpretation,sign language tutor
electrical,electrical inspector
plumbing,gas line installer
appliance repair,ice machine technician
cooking,caterer
personal care assistance,respite care worker
electrical,security system installer
cleaning,pressure washer
appliance repair,water softener technician
hvac,refrigeration technician
cooking,vegan chef
wheelchair-accessible transportation,accessible taxi driver
electrical,ac technician
personal care assistance,pediatric caregiver
other,pool maintenance technician
hvac,heat pump technician
cooking,pastry decorator
elderly care,alzheimer's caregiver
plumbing,leak repair technician
electrical,smart home technician
personal care assistance,personal care assistant
electrical,electrical engineer
plumbing,bathroom fitter
hvac,ventilation system designer
carpentry,furniture maker
elderly care,dementia care specialist
personal care assistance,mobility assistance specialist
cleaning,chimney sweep
wheelchair-accessible transportation,mobility service driver
pet sitting,pet daycare attendant
appliance repair,laundry appliance technician
child care,child care assistant
cleaning,building cleaner
personal care assistance,certified nursing assistant
hvac,hvac mechanic
carpentry,cabinet maker
wheelchair-accessible transportation,mobility service driver
child care,daycare teacher
appliance repair,gas appliance repair technician
hvac,air conditioning technician
hvac,industrial hvac technician
pet sitting,pet trainer
child care,nursery worker
personal care assistance,home care aide
appliance repair,home appliance technician
plumbing,service plumber
elderly care,elderly care assistant
cleaning,office cleaner
pet sitting,pet caregiver
sign language interpretation,legal interpreter (sign language)
personal care assistance,disability assistance
child care,preschool teacher
pet sitting,dog daycare attendant
cleaning,hospital cleaner
elderly care,dementia care specialist
pet sitting,animal caretaker
carpentry,cabinet maker
hvac,commercial hvac technician
child care,early childhood educator
appliance repair,kitchen appliance technician
sign language interpretation,certified sign language interpreter
electrical,electrical technician
plumbing,sanitation worker
hvac,residential hvac technician
cooking,pastry chef
pet sitting,pet services provider
hvac,refrigeration technician
sign language interpretation,medical interpreter (sign language)
electrical,electrical apprentice
appliance repair,commercial appliance repair technician
plumbing,industrial plumber
cooking,nutritionist
hvac,ventilation technician
personal care assistance,residential caregiver
appliance repair,small appliance repair technician
child care,child care director
personal care assistance,caregiver
cooking,baker
hvac,heating technician
sign language interpretation,sign language translator
child care,infant caregiver
electrical,journeyman electrician
pet sitting,dog walker
appliance repair,appliance repair technician
plumbing,master plumber
hvac,industrial hvac technician
cleaning,maintenance cleaner
elderly care,caregiver
other,home organizer
cooking,grill cook
personal care assistance,personal care assistant
cleaning,floor technician
pet sitting,cat sitter
pet sitting,pet handler
hvac,hvac technician
cleaning,laundry attendant
cleaning,industrial cleaner
cleaning,house cleaner
child care,early childhood educator
electrical,master electrician
cleaning,office cleaner
elderly care,alzheimer's caregiver
plumbing,water supply specialist
cooking,bbq chef
sign language interpretation,deaf interpreter
electrical,electrical engineer
hvac,ventilation technician
cleaning,maid
pet sitting,dog trainer
cooking,pastry decorator
elderly care,caregiver
plumbing,steamfitter
electrical,commercial electrician
personal care assistance,hospice caregiver
appliance repair,refrigerator repair technician
sign language interpretation,educational interpreter
personal care assistance,senior caregiver
plumbing,residential plumber
hvac,cooling technician
cleaning,carpet cleaner
electrical,residential electrician
pet sitting,pet care specialist
cleaning,building cleaner
appliance repair,dishwasher repair technician
personal care assistance,home health aide
wheelchair-accessible transportation,wheelchair-accessible van driver
cleaning,janitor
cleaning,sanitation worker
cleaning,cleaning technician
cleaning,cleaning specialist
cleaning,commercial cleaner
cleaning,residential cleaner
cleaning,cleaning crew
cleaning,deep cleaner
cleaning,cleaning service provider
electrical,electronics technician
plumbing,pipe installer
hvac,air conditioning repair technician
carpentry,woodworker
elderly care,senior care assistant
child care,childcare worker
cooking,culinary artist
sign language interpretation,sign language translator
personal care assistance,personal support worker
wheelchair-accessible transportation,accessible vehicle driver
pet sitting,pet caretaker
appliance repair,appliance maintenance technician
other,household repair specialist
electrical,wireman
electrical,electrical contractor
plumbing,drain technician
plumbing,sewage technician
hvac,heating ventilation technician
hvac,climate control technician
carpentry,joiner
carpentry,woodcraft specialist
elderly care,geriatric aide
elderly care,senior care manager
cleaning,sanitation worker
cleaning,hygiene technician
child care,child minder
child care,youth worker
cooking,culinary chef
cooking,gastronomy expert
sign language interpretation,ASL interpreter
sign language interpretation,manual communicator
personal care assistance,home support worker
personal care assistance,care aide
wheelchair-accessible transportation,paratransit operator
wheelchair-accessible transportation,handicap transport driver
pet sitting,animal sitter
pet sitting,pet caretaker
appliance repair,electronics repair technician
appliance repair,home appliance specialist
other,general handyman
other,home improvement specialist